N, Average Time (s), Current/Preceding 
1000,0.000498962
10000,0.0895516,179.476
100000,9.60822,107.293
