N, Average Time (s), Current/Preceding 
1000,0.00281731
10000,0.339687,120.571
100000,37.3432,109.934
