N, Average Time (s), Ratio 
10,1.11457e-05
100,0.00256945,230.532
1000,0.266369,103.668
5000,6.74354,25.3165
