N, Average Time (s), Current/Preceding 
1000,4.83275e-06
10000,3.75879e-05,7.77775
100000,0.000244739,6.51112
