N, Average Time (s), Current/Preceding 
1000,0.000115977
10000,0.0021034,18.1363
100000,0.0290367,13.8046
1000000,0.349245,12.0277
