N, Average Time (s), Current/Preceding 
1000,9.96772e-05
10000,0.0017237,17.2928
100000,0.0208043,12.0696
1000000,0.272856,13.1153
10000000,4.6149,16.9133
