N, Average Time (s), Ratio 
10,4.78045e-06
100,0.000118368,24.7608
1000,0.0019205,16.2249
5000,0.0127766,6.65273
