N, Average Time (s), Current/Preceding 
1000,0.000984107
10000,0.0998243,101.436
100000,9.74112,97.5827
