N, Average Time (s), Current/Preceding 
1000,3.38015e-06
10000,4.60782e-05,13.632
100000,0.000356643,7.73994
