N, Average Time (s), Ratio 
10,9.42935e-06
100,0.00159885,169.561
1000,0.1695,106.014
5000,4.22281,24.9133
