N, Average Time (s), Current/Preceding 
1000,0.000206299
10000,0.00223516,10.8346
100000,0.0258973,11.5863
1000000,0.389656,15.0462
10000000,3.45298,8.86161
