N, Average Time (s), Ratio 
10,4.47369e-05
100,0.000482457,10.7843
1000,0.0050919,10.5541
5000,0.0259355,5.09348
