N, Average Time (s), Current/Preceding 
1000,0.000243678
10000,0.00251707,10.3295
100000,0.0424033,16.8463
1000000,0.428897,10.1147
