N, Average Time (s), Current/Preceding 
1000,0.000278875
10000,0.00358372,12.8506
100000,0.0348279,9.71837
1000000,0.356375,10.2324
10000000,4.71196,13.2219
