N, Average Time (s), Current/Preceding 
1000,0.000468451
10000,0.00670304,14.3089
100000,0.0560613,8.36356
1000000,0.498426,8.89073
10000000,7.15021,14.3456
