N, Average Time (s), Current/Preceding 
1000,0.000451062
10000,0.0068234,15.1274
100000,0.0520628,7.63004
1000000,0.655907,12.5984
10000000,6.67051,10.1699
