N, Average Time (s), Current/Preceding 
1000,0.00186733
10000,0.0243694,13.0504
100000,0.382486,15.6954
1000000,2.76468,7.22817
10000000,20.7566,7.5078
