N, Average Time (s), Current/Preceding 
1000,0.000207183
10000,0.00219974,10.6174
100000,0.0241612,10.9836
1000000,0.378529,15.6668
10000000,2.95974,7.81905
