N, Average Time (s), Current/Preceding 
1000,0.000276007
10000,0.00398796,14.4488
100000,0.0334759,8.39423
1000000,0.424978,12.6951
10000000,4.24216,9.98208
