N, Average Time (s), Current/Preceding 
1000,0.000227238
10000,0.00380355,16.7382
100000,0.0466321,12.2601
1000000,0.422337,9.0568
