N, Average Time (s), Current/Preceding 
1000,0.00289459
10000,0.031537,10.8951
100000,0.305565,9.68911
1000000,2.2281,7.29174
