N, Average Time (s), Current/Preceding 
1000,0.00261994
10000,0.275142,105.019
100000,27.3361,99.3526
