N, Average Time (s), Ratio 
10,8.07775e-06
100,0.000682602,84.504
1000,0.0649181,95.1039
5000,1.60381,24.7051
