N, Average Time (s), Current/Preceding 
1000,0.00270047
10000,0.285531,105.734
100000,28.5869,100.118
