N, Average Time (s), Current/Preceding 
1000,0.000126761
10000,0.00176838,13.9505
100000,0.0292965,16.5668
1000000,0.658391,22.4733
10000000,11.9808,18.1971
