N, Average Time (s), Current/Preceding 
1000,0.000276501
10000,0.0407258,147.29
100000,4.51433,110.847
