N, Average Time (s), Current/Preceding 
1000,0.00029169
10000,0.0441691,151.424
100000,4.87136,110.289
