N, Average Time (s), Current/Preceding 
1000,0.00298577
10000,0.382592,128.138
100000,40.8054,106.655
