N, Average Time (s), Current/Preceding 
1000,9.93933e-05
10000,0.00111965,11.2649
100000,0.0141513,12.639
1000000,0.225659,15.9462
10000000,1.83927,8.15063
