N, Average Time (s), Current/Preceding 
1000,0.000119565
10000,0.00152658,12.7678
100000,0.0158606,10.3896
1000000,0.234979,14.8153
10000000,3.35739,14.288
