N, Average Time (s), Current/Preceding 
1000,0.00076205
10000,0.0758956,99.594
100000,7.52686,99.1739
