N, Average Time (s), Current/Preceding 
1000,0.000169511
10000,0.00225111,13.2801
100000,0.0260618,11.5773
1000000,0.331196,12.7081
10000000,3.18595,9.61954
