N, Average Time (s), Current/Preceding 
1000,0.00290423
10000,0.022815,7.8558
100000,0.383049,16.7893
1000000,2.54931,6.65531
10000000,19.2508,7.55135
