N, Average Time (s), Current/Preceding 
1000,0.000220251
10000,0.00230601,10.4699
100000,0.0280115,12.1472
1000000,0.331242,11.8252
10000000,3.64781,11.0125
