N, Average Time (s), Current/Preceding 
1000,0.000300526
10000,0.00516009,17.1702
100000,0.0546921,10.599
1000000,0.477271,8.72652
