N, Average Time (s), Current/Preceding 
1000,0.00308556
10000,0.0261372,8.4708
100000,0.269493,10.3107
1000000,2.66046,9.87207
10000000,21.7306,8.16801
