N, Average Time (s), Current/Preceding 
1000,0.000266259
10000,0.0025092,9.4239
100000,0.0253197,10.0907
1000000,0.280412,11.0749
10000000,3.72529,13.2851
