N, Average Time (s), Current/Preceding 
1000,0.000486548
10000,0.0050287,10.3355
100000,0.0656937,13.0638
1000000,0.531272,8.08711
10000000,6.42381,12.0914
