N, Average Time (s), Current/Preceding 
1000,0.000211117
10000,0.00232522,11.0139
100000,0.0250637,10.779
1000000,0.265798,10.6049
10000000,3.16037,11.8901
