N, Average Time (s), Current/Preceding 
1000,0.000468658
10000,0.00755736,16.1255
100000,0.0785196,10.3898
1000000,0.673984,8.58364
