N, Average Time (s), Current/Preceding 
1000,0.000204687
10000,0.00325087,15.8821
100000,0.0316447,9.73422
1000000,0.383011,12.1035
10000000,4.28007,11.1748
