N, Average Time (s), Current/Preceding 
1000,0.00270886
10000,0.272659,100.655
100000,26.5459,97.3594
